street-name,count
Everett ,10
Warren ,10
Harvard ,10
Chestnut ,9
Webster ,8
Franklin ,8
Park ,6
Jackson ,6
Oak ,6
Washington ,6
Lincoln ,6
Gardner ,6
Putnam ,6
Tremont ,5
Charles ,5
Winthrop ,5
Sherman ,5
Sumner ,5
Arlington ,5
Prescott ,5
Grove ,5
Church ,5
Milton ,5
Adams ,5
Linden ,5
Union ,5
Allston ,4
Cottage ,4
Gordon ,4
Folsom ,4
Short ,4
High ,4
Cross ,4
Coolidge ,4
Seaver ,4
Pond ,4
Central ,4
Pleasant ,4
Morton ,4
Bartlett ,4
Elm ,4
Eliot ,4
Orchard ,4
Baldwin ,4
Howard ,4
Baker ,4
Monument ,4
Hancock ,4
Austin ,4
Concord ,4
Grant ,4
South ,3
Butler ,3
Atherton ,3
Hawthorne ,3
Westminster ,3
Fulton ,3
Williams ,3
Beaver ,3
Pierce ,3
Phillips ,3
Hamilton ,3
Johnson ,3
Perkins ,3
Greenwood ,3
Marshall ,3
North ,3
Cleveland ,3
West ,3
Parker ,3
Corey ,3
Payson ,3
Hanover ,3
St. James ,3
Parkman ,3
Harrison ,3
Otis ,3
King ,3
Freeman ,3
Dudley ,3
Wolcott ,3
Prospect ,3
Highland ,3
Brighton ,3
Rockland ,3
Allen ,3
Hobson ,3
Linwood ,3
Loring ,3
Richmond ,3
Albion ,3
Woodward ,3
Regent ,3
Huntington ,3
Waverly ,3
Lewis ,3
Emmet ,3
Radcliffe ,3
Dorchester ,3
Oakland ,3
Winslow ,3
Lawrence ,3
Forest ,3
Tileston ,3
Forest Hills ,3
Terrace ,2
Bradford ,2
Henderson ,2
Moore ,2
Monument Court,2
Summit ,2
Sullivan ,2
Burke ,2
Charles River ,2
Montgomery ,2
Heath ,2
Bolton ,2
Humboldt ,2
Charlame ,2
Hunter ,2
Newhall ,2
Hawley ,2
Burton ,2
Chester ,2
Thorn ,2
Walter ,2
Ward ,2
Thornton ,2
Bradlee ,2
Holmes ,2
Vernon ,2
North Bennet ,2
Trenton ,2
Navarre ,2
Cary ,2
Talbot ,2
Castle Court,2
Calvin ,2
Brooks ,2
Tufts ,2
Harris ,2
Tyler ,2
Byron ,2
Hall ,2
Hilburn ,2
Upton ,2
Sunnyside ,2
Townsend ,2
Champney ,2
Newland ,2
Thompson ,2
Norton ,2
Harlem ,2
Thorndike ,2
River ,2
Stimson ,2
Fleet ,2
Dyer ,2
Riverdale ,2
Duncan ,2
Rock ,2
Rockview ,2
Draper ,2
Fisher ,2
Downer ,2
Rollins ,2
Ruskin ,2
Flint ,2
Princeton ,2
Prince ,2
Ross ,2
Dexter ,2
Dewey ,2
Foster ,2
Fountain ,2
Eagle ,2
East ,2
Ridge ,2
Eastburn ,2
Ellis ,2
Rand ,2
Quincy ,2
Quincefield ,2
Emerson ,2
Eldon ,2
Egleston ,2
Edson ,2
Essex ,2
Euclid ,2
Eustis ,2
Evans ,2
Revere ,2
Easton ,2
Fairfield ,2
Fairmount ,2
Fairview ,2
Porter ,2
Rutland ,2
Stillman ,2
Green ,2
Copley ,2
Ipswich ,2
Copeland ,2
Gould ,2
Park Lane,2
Columbus ,2
Sprague ,2
Oxford ,2
Greenmount ,2
Frazer ,2
Codman ,2
Clinton ,2
Clifford ,2
Greenwich ,2
Clayton ,2
Clarendon ,2
Oakwood ,2
Half Moon ,2
Court ,2
Partridge ,2
Glen ,2
Shepard ,2
Decatur ,2
Dearborn ,2
Sanford ,2
Playstead ,2
Fuller ,2
Sargent ,2
Dartmouth ,2
Gaston ,2
Scott ,2
Dale ,2
George ,2
Service ,2
Percival ,2
Cumston ,2
Seymour ,2
Shawmut ,2
Peabody ,2
Warrenton ,2
Swan ,2
Weld ,2
Wellington ,2
Anderson ,2
Wood ,2
Wendell ,2
Birch ,2
Worcester ,2
Leland ,2
Mason ,2
Lester ,2
Belden ,2
Avon ,2
Albemarle ,2
Mercer ,2
Barnes ,2
Wilton ,2
Leonard ,2
Larch ,2
Barnard ,2
Beechwood ,2
Maverick ,2
Lamartine ,2
Wilson ,2
West Milton ,2
Kenmore ,2
Mattapan ,2
Lombard ,2
Westminster Terrace,2
Lambert ,2
Badger ,2
Bickford ,2
Jefferson ,2
Meehan ,2
West Boundary ,2
Leverett ,2
Kilby ,2
Algonquin ,2
Winship ,2
Kemble ,2
Wyman ,2
Westford ,2
Amory ,2
Bismarck ,2
Mead ,2
Beach ,2
Wilbert ,2
Wesley ,2
Medford ,2
Irwin ,2
Langdon ,2
Belmont ,2
Whittier ,2
Bennet ,2
Lindall ,2
Lawn ,2
Water ,2
Akron ,2
Woodland ,2
Beacon ,2
Willoughby ,2
Barry ,2
Planet ,1
Major Michael J. O'Connor Way,1
Plainfield ,1
Malden ,1
Malbert ,1
Pleasant Hill ,1
Malcolm X ,1
Pleasant  Court,1
Platt ,1
Pleasant Hill Terrace,1
Malcolm ,1
Mills ,1
Pleasant Valley Circle,1
Pleasantview ,1
Power's Court,1
Lyon ,1
Power House ,1
Powellton ,1
Powell ,1
Potomac ,1
Post Office ,1
Portsmouth ,1
Port Norfolk ,1
Porter Terrace,1
MacDonald ,1
Mackin ,1
Port Lane,1
Poplar ,1
Pontiac ,1
Maffa Way,1
Pond View ,1
Pond  ,1
Mahoney ,1
Maitland ,1
Pond Circle,1
Ponce Way,1
Pinewood ,1
Pomeroy ,1
Polk ,1
Plympton ,1
Plummer ,1
Pingree ,1
Mann ,1
Pinefield ,1
March Way,1
Paxton ,1
Marksdale ,1
Payne ,1
Mark ,1
Marden ,1
Peabody Circle,1
Peak Hill ,1
Penfield ,1
March Terrace,1
Pelham ,1
March ,1
Pelham Terrace,1
Pelton ,1
Pembroke ,1
Paul Sullivan Way,1
Paul Revere Mall,1
Paul Gore Terrace,1
Paul Gore ,1
Paul ,1
Patterson Way,1
Patterson ,1
Patten ,1
Marlin ,1
Parsons ,1
Parrott ,1
Parley Vale,1
Parley ,1
Marlin Way,1
Parkway,1
Park Vale ,1
Marlowe ,1
Pender ,1
Peoples Baptist ,1
Pinedale ,1
Piedmont ,1
Philip ,1
Phillips Court,1
Phipps ,1
Manley ,1
Manchester ,1
Pie ,1
Malvern ,1
Maplewood ,1
Pierpont ,1
Pilsudski Way,1
Pinckney ,1
Mallet ,1
Pinecliff ,1
Mallard ,1
Philbrick ,1
Pheasant ,1
Manning ,1
Manor ,1
Peverell ,1
Peters ,1
Peter Parley ,1
Perthshire ,1
Perth ,1
Pershing ,1
Perry ,1
Perrin ,1
Mansfield ,1
Perham ,1
Mansur ,1
Pequot ,1
Manton Terrace,1
Poydras ,1
Primus ,1
Pratt ,1
Lomasney Way,1
Public  No. 710,1
Public  No. 714,1
Public  No. 715,1
Public  No. 716,1
Public  No. 718,1
Public  No. 719,1
Public  No. 801,1
Public  No. 439,1
Logan Way,1
Public  No. 802,1
Public  No. 804,1
Public  No. 807,1
Public  No. 809,1
Public  No. 810,1
Public  No. 706,1
Public  No. 705,1
Public  No. 701,1
Public  No. 543,1
Long ,1
Long Island,1
Public  No. 542,1
Long Island Head,1
Public  No. 539,1
Long Terrace,1
Public  No. 503,1
Public  No. 502,1
Lonsdale ,1
Public  No. 444,1
Public  No. 443,1
Public  No. 442,1
Public  No. 441,1
Logan ,1
Public  No. 811,1
Lockwood ,1
Lochstead ,1
Radford ,1
Radford Lane,1
Litchfield Court,1
Quint ,1
Litchfield ,1
Littledale ,1
Quinn Way,1
Quincy Court,1
Liverpool ,1
Quarley ,1
Quail ,1
Livingstone ,1
Lochdale ,1
Lochland ,1
Locke ,1
Public  No. 818,1
Purchase ,1
Pulaski Skyway,1
Public  No. 2001,1
Public  No. 1001,1
Public  No. 909,1
Public  No. 908,1
Public  No. 905,1
Public  No. 903,1
Public  No. 901,1
Public  No. 823,1
Public  No. 822,1
Public  No. 821,1
Public  No. 820,1
Public  No. 819,1
Public  No. 440,1
Lorenzo ,1
Preble ,1
Prospect Terrace,1
Proctor ,1
Lowland ,1
Prospect Circle,1
Lowell Court,1
Lovis ,1
Lovell's Island,1
Public  No. 101,1
Public  No. 438,1
Public  No. 102,1
Lovell ,1
Public  No. 301,1
Public  No. 303,1
Lovejoy Wharf,1
Public  No. 401,1
Lowney Way,1
Ludlow ,1
Lyall ,1
Lyall Terrace,1
Lydon Way Dor.,1
Marmion ,1
Price ,1
Preston ,1
President Terrace,1
President ,1
Lyford ,1
Presentation ,1
Prescott  ,1
Prescott Court,1
Presby ,1
Lyndhurst ,1
Prentiss ,1
Louis Prang ,1
Public  No. 402,1
Public  No. 403,1
Public  No. 424,1
Public  No. 437,1
Public  No. 436,1
Public  No. 435,1
Lorne ,1
Public  No. 434,1
Public  No. 433,1
Public  No. 432,1
Public  No. 431,1
Public  No. 430,1
Public  No. 429,1
Public  No. 428,1
Public  No. 427,1
Public  No. 426,1
Public  No. 425,1
Lothian ,1
Public  No. 404,1
Public  No. 423,1
Public  No. 422,1
Public  No. 421,1
Public  No. 420,1
Public  No. 419,1
Public  No. 418,1
Lothrop ,1
Louis Terrace,1
Public  No. 417,1
Public  No. 416,1
Public  No. 415,1
Public  No. 414,1
Louis D. Brown Way,1
Public  No. 405,1
Parkton ,1
Martin Luther King Jr. ,1
Parkson ,1
Nelson ,1
Merrill ,1
Nay ,1
Neal Court,1
Necco Court,1
Necco ,1
Needham ,1
Neptune Circle,1
Newcomb ,1
Neptune ,1
Merlin ,1
Nevins ,1
New ,1
New Bedford ,1
Newbern ,1
National ,1
Nason ,1
Nashua ,1
Merrimac ,1
Naples ,1
Merritt ,1
Myrick ,1
Myles Standish ,1
Murray Hill ,1
Murray Way S.B.,1
Murray Court,1
Merton ,1
Murray ,1
Murphy Footway,1
Meshaka ,1
Metropolitan ,1
Murphy Court,1
New Chardon ,1
Mercier ,1
Parkside Drive,1
Norris ,1
Niles ,1
Nims ,1
Nixon ,1
Noah ,1
Noble Court,1
Norcross ,1
Melbourne ,1
New Cypher ,1
Northampton ,1
North Anderson ,1
North Beacon ,1
North Bennet Court,1
Northbourne ,1
Medway ,1
Melcher ,1
Nikisch ,1
New Whitney ,1
Newton ,1
Newmarket ,1
Newman ,1
Mellen ,1
Melton ,1
Melville ,1
Melville Lane,1
Melvin ,1
Melvinside Terrace,1
Mendell Way,1
Newkirk ,1
New Haven ,1
Newfield ,1
New England ,1
Murdock Terrace,1
Murdock ,1
Metropolitan Circle,1
Montcalm ,1
Monsignor Patrick J. Lydon Way,1
Monsignor Reynolds Court,1
Monsignor Reynolds Way,1
Monsignor William J. Casey ,1
Monson ,1
Montague ,1
Montebello ,1
Meyer Court,1
Miles ,1
Montello ,1
Montgomery Park,1
Midvale ,1
Montmorenci ,1
Montvale ,1
Monsignor John J. O'Donnell ,1
Monsignor Dennis F. O'Callaghan Way,1
Monsignor Albert A. Jacobbe ,1
Mitchell Bridge,1
Mitchell ,1
Milford ,1
Mission Park Drive,1
Mission ,1
Milk ,1
Mill ,1
Mishawum ,1
Minton ,1
Minot ,1
Miner ,1
Milwood ,1
Millburn ,1
Milton Terrace,1
Montview ,1
Midland ,1
Middleton ,1
Moseley ,1
Munson ,1
Munroe ,1
Mullins Way,1
Mugar Way,1
Mt. Calvary ,1
Mt. Ash ,1
Mozart ,1
Moville ,1
Moultrie ,1
Moulton Way,1
Moulton ,1
Meyer ,1
Moss Hill ,1
Mossdale ,1
Morton Village Drive,1
Moody ,1
Michael ,1
Morse ,1
Morrow ,1
Morrissey ,1
Michaelangelo ,1
Morrison ,1
Morris ,1
Morrill ,1
Michigan ,1
Morrell ,1
Morley ,1
Middlesex ,1
Morey ,1
Moreland ,1
North Charlame Court,1
North Charlame Terrace,1
North Crescent Circuit,1
Ortiz Drive,1
Orlando ,1
Matthew ,1
Orleans ,1
Ormond ,1
Orne ,1
Mattakeeset ,1
Oscar ,1
Mayfield ,1
Osgood Court,1
Osprey Way,1
Oswald ,1
Mather ,1
Otisfield ,1
Overland ,1
Orient ,1
Matthews ,1
Ordway ,1
Maurice J. Tobin Bridge,1
Orchard Park ,1
Orchardfield ,1
Orchardale ,1
Maxfield ,1
Orange ,1
Ophir ,1
Maxwell ,1
Opera ,1
Onslow Terrace,1
Olney ,1
Olmstead ,1
Mayfair ,1
Oliver ,1
Owen ,1
Mather Court,1
Pacific ,1
Millmont ,1
Marsh Lane,1
Parkman Drive,1
Parklawn ,1
Parker Hill Terrace,1
Parker Hill ,1
Marsh ,1
Marshall Block,1
Park Terrace,1
Park  ,1
Marshfield ,1
Park Plaice,1
Marston ,1
Martin ,1
Martin Luther ,1
Park Lane Footway,1
Mason Court,1
Park Lane Drive,1
Martinwood ,1
Park Front ,1
Park Drive,1
Parish ,1
Paragon ,1
Palmer ,1
Marvin ,1
Palfrey ,1
Palermo ,1
Mascot ,1
Palace ,1
Paine ,1
Packard ,1
Old Trail ,1
Old Sleeper ,1
Northdale ,1
Norwell ,1
Northwood ,1
Meadowbank ,1
Mead  Court,1
Norway Park,1
Norway ,1
Meacham ,1
Norwood ,1
Old Morton ,1
McLellan ,1
McKinley ,1
Nott ,1
Noyes ,1
McKay ,1
O'Brien Court,1
North Washington ,1
North Point Drive,1
North Munroe Terrace,1
Meadowview ,1
Rainier ,1
Mechanic ,1
North Mead  Court,1
North Mead ,1
North Margin  Court,1
Medallion ,1
North Margin ,1
North Hudson ,1
North Harvard ,1
North Hanover Court,1
Medfield ,1
North Grove ,1
Northern ,1
O'Connor Way,1
McDonald ,1
McCormick ,1
Maywood ,1
Old Landing Way,1
Old Ironsides Way,1
Old Harbor ,1
Old Colony Terrace,1
Old Colony ,1
Old Atlantic ,1
Old ,1
Ogden ,1
Mayhew ,1
Oakville ,1
Maynard ,1
Oakview ,1
Oakridge ,1
Maywood Park,1
Maywood Terrace,1
O'Donnell ,1
Oakmere ,1
Oakley ,1
McArdle Bridge,1
Oakland Court,1
Oak Hill ,1
Oakdale ,1
Oakcrest ,1
McClellan ,1
Oak  West,1
Oak  ,1
O'Reilly Way,1
O'Neill ,1
O'Neil ,1
O'Donnell Terrace,1
Radnor ,1
Abbot ,1
Rainsford Island,1
Vermont ,1
Verrill ,1
Veterans of Foreign Wars Parkway,1
Viaduct,1
Victor ,1
Viking ,1
Viking Terrace,1
Village Court,1
Vinal ,1
Vincent ,1
Vineland ,1
Vining ,1
Vinson ,1
Vinton ,1
Virgil ,1
Vogel ,1
Von Hillern ,1
Vose ,1
Verndale ,1
Verdun ,1
Weld Hill ,1
Ventura ,1
Union Wharf,1
Upcrest ,1
Upham ,1
Upland ,1
Vale Court,1
Vale ,1
Valenti Way,1
Valentine ,1
Van Brunt ,1
Vancouver ,1
Vanderbilt ,1
Van Ness ,1
Van Winkle ,1
Varick ,1
Varney ,1
Vassar ,1
Vaughan ,1
Wabeno ,1
Wabon ,1
Wade ,1
Wadsworth ,1
Ware ,1
Warner ,1
Warwick ,1
Washburn ,1
Washington  ,1
Waterloo ,1
Waterman ,1
Way ,1
Wayburn ,1
Wayland ,1
Waymount ,1
Wayne ,1
Weaver Court,1
Weaver Way,1
Webb Park,1
Webber ,1
Webley ,1
Ward Court,1
Walworth ,1
Walton ,1
Walden ,1
Wainwright ,1
Wait ,1
Wakefield ,1
Wakullah ,1
Walbridge ,1
Waldeck ,1
Waldemar ,1
Waldo ,1
Walsh Memorial Expressway,1
Waldo Terrace,1
Waldorf ,1
Wales ,1
Walford Way,1
Walker ,1
Wallace Court,1
Walley ,1
Union Court,1
Ufford ,1
Tyndale ,1
Thomas ,1
Telford ,1
Templeton ,1
Templeton Way,1
Tennis ,1
Tennyson ,1
Terry Way,1
Thacher Court,1
Thacher ,1
Thane ,1
Thatcher ,1
Thatcher Terrace,1
Thayer ,1
Theodore ,1
Theodore A. Glynn Way,1
Theodore Parker ,1
Third ,1
Third New Way,1
Teddy Corcilius Way,1
Tearsen ,1
Tarleton ,1
Sylvester ,1
Surface Artery,1
Surreyhill Lane,1
Sutherland ,1
Sutton ,1
Swan Court,1
Swift ,1
Swift Terrace,1
Symmes ,1
Tappan ,1
Taber ,1
Tacoma ,1
Taft ,1
Tafthill Terrace,1
Tai Tung ,1
Tamworth ,1
Tanglewood ,1
Third  Court,1
Thompson Island,1
Turtle Pond Parkway,1
Thomson ,1
Train ,1
Transit ,1
Trask ,1
Traveler ,1
Travis ,1
Treadway ,1
Trelawney ,1
Trent ,1
Trescott ,1
Trevore ,1
Trident ,1
Trotter Court,1
Truman Parkway,1
Tucker ,1
Tuckerman ,1
Tudor ,1
Turner ,1
Tovar ,1
Torrey ,1
Torpie ,1
Tilman ,1
Thor Terrace,1
Thornley ,1
Thornton Terrace,1
Thrush ,1
Thurlow ,1
Thurston ,1
Ticknor ,1
Tip Top ,1
Toppan ,1
Tiverton ,1
Tobin Bridge,1
Tobin ,1
Toland Court,1
Toll Gate Way,1
Tolman ,1
Topliff ,1
Wedgewood ,1
Weldon ,1
Sunderland ,1
Willowwood ,1
Wilmore ,1
Wilmot ,1
Wilton Terrace,1
Wiltshire ,1
Winchester ,1
Windham ,1
Windom ,1
Windsor ,1
Winfield ,1
Wingate ,1
Winston ,1
Winthrop Lane,1
Winton ,1
Wirt ,1
Wise ,1
Wolcott Court,1
Wolfe ,1
Wilmington ,1
Williston ,1
Well ,1
Willis ,1
Wilbur ,1
Wilcock ,1
Wilcox ,1
Wilcutt ,1
Wilder ,1
Wildwood ,1
Wilkes Passage,1
Wilkins ,1
Willers ,1
Willet ,1
William C. Kelly ,1
William Cardinal O'Connell Way,1
William E. Mullins Way,1
William F. McClellan ,1
William J. Day ,1
William Jackson ,1
William T. Morrissey ,1
Wollaston Terrace,1
Woodard ,1
Woodbine ,1
Woodbole ,1
Woodworth ,1
Woolsey ,1
Woolson ,1
Wordsworth ,1
Worley ,1
Wormwood ,1
Worrell ,1
Worthington ,1
Wright ,1
Wright's Court,1
Wycliff ,1
Wyola ,1
Wyvern ,1
Yale Terrace,1
York ,1
Young's ,1
Zeller ,1
Woodville ,1
Woodstock ,1
Woods ,1
Woodglen ,1
Woodbourne ,1
Woodbrier ,1
Woodcliff ,1
Wooddale ,1
Woodfield ,1
Woodford ,1
Woodgate ,1
Woodhaven ,1
Woodruff Way,1
Woodlawn ,1
Woodledge ,1
Woodley ,1
Woodman ,1
Woodmere ,1
Woodmont ,1
Woodrow ,1
Wilbur Court,1
Wilbert Circle,1
Wigglesworth ,1
Westmoor ,1
Westcott ,1
Westcott  South,1
Westcott Terrace,1
West Cottage ,1
West Dedham ,1
West Eagle ,1
West Eighth ,1
Western ,1
West Fifth ,1
West First ,1
West Fourth ,1
Westgate ,1
West Haven ,1
West Hill ,1
West Howell ,1
Westland ,1
Westland Entrance,1
West Concord ,1
Westchester ,1
West Cedar ,1
Wentworth ,1
Welland ,1
Welles ,1
Wellington Hill Footway,1
Wellington Hill ,1
Welton ,1
Wendeller ,1
Wensley ,1
Wentworth Terrace,1
West Canton ,1
Wesleyan ,1
Wessex ,1
West Bellflower ,1
Westbourne ,1
West Broadway,1
Westbrook ,1
West Brookline ,1
West Main ,1
Westmore ,1
Wiggin ,1
Westmoreland ,1
West Walnut Park,1
Westwind ,1
Weymouth ,1
Wharton Court,1
Wheatland ,1
Wheelock ,1
Whitby ,1
Whitby Terrace,1
Whitcomb ,1
White ,1
White  ,1
White Oak ,1
Whitfield ,1
Whitford ,1
Whitman ,1
Whitridge ,1
Whitten ,1
Westville ,1
Westview ,1
West Tremlett ,1
West Rutland ,1
Westmount ,1
West Newton ,1
West Ninth ,1
Weston ,1
Westover ,1
West Park ,1
West Roxbury Parkway,1
West School ,1
West Third ,1
West Second ,1
West Selden ,1
West Service ,1
West Seventh ,1
West Sixth ,1
West Sorrento ,1
West Springfield ,1
Sunnybank ,1
Suncrest ,1
Raleigh ,1
Romsey ,1
Ronan ,1
Roseclair ,1
Rosecliff ,1
Ross Way,1
Rosselerin ,1
Rosseter ,1
Rossmore ,1
Roswell ,1
Rougemont ,1
Round Hill ,1
Rowe Court,1
Rowe ,1
Rowell ,1
Rowen Court,1
Rowley ,1
Roxbury Court,1
Roxbury ,1
Ronald ,1
Romar Terrace,1
Savin ,1
Roland ,1
Robinwood ,1
Robken ,1
Rock Terrace,1
Rockdale ,1
Rockford ,1
Rock Hill ,1
Rockledge ,1
Rockmere ,1
Rockmount ,1
Rockne ,1
Rockway ,1
Rockwell ,1
Rocky Nook Terrace,1
Rodman ,1
Rodney ,1
Rogers ,1
Rogers-Crowley Way,1
Roxton ,1
Royal ,1
Royce ,1
Roys ,1
Ryder Hill ,1
Sachem ,1
Sackville ,1
Safford ,1
Sagamore ,1
Salerno ,1
Salman ,1
Salt Lane,1
Sammett ,1
Samuel Morse Way,1
Sanborn ,1
Sanderson ,1
Sanger ,1
Santuit ,1
Sargent Crossway,1
Sargent William G. Walsh Memorial Expressway,1
Saunders ,1
Ryan ,1
Ruxton ,1
Rutledge ,1
Rumford ,1
Roy Smith Bridge,1
Ruffing ,1
Rugby ,1
Rugdale ,1
Rugg ,1
Ruggles Court,1
Ruggles ,1
Running Brook ,1
Rutherford ,1
Rusfield ,1
Rushmore ,1
Ruskindale ,1
Russell ,1
Russett ,1
Rustic ,1
Rustlewood ,1
Robinson ,1
Robey ,1
Robeson ,1
Rexford ,1
Redfield ,1
Redford ,1
Red Pine ,1
Redwood ,1
Reed ,1
Reedsdale ,1
Regal ,1
Regent Circle,1
Regis ,1
Remington ,1
Rendall ,1
Reverend Anthony Ciao Footway,1
Reverend Francis X. Coppens ,1
Reverend James J. Murphy Footway,1
Reverend James L. McGovern Footbridge,1
Reverend John M. Chmielinski ,1
Reverend Richard A. Burke ,1
Reddy ,1
Rector ,1
Realton ,1
Range ,1
Ralston ,1
Ralwood ,1
Ramsdell ,1
Ramsey ,1
Randlett ,1
Randolph ,1
Ranelegh ,1
Ranley ,1
Readville ,1
Ransom ,1
Rawson ,1
Rawston ,1
Raymond ,1
Raynes ,1
Raynor Circle,1
Reading ,1
Reverend Robert M. Costello ,1
Rexhame ,1
Roberts ,1
Reynold ,1
Ridgewood ,1
Ridlon ,1
Riley ,1
Ring ,1
Risley ,1
Ritchie ,1
River  ,1
River  Terrace,1
Riverbank ,1
Rivermoor ,1
Riverside ,1
Riverview ,1
Riverway,1
Roach ,1
Robbart Lane,1
Robert ,1
Robert S. Peabody Circle,1
Ridgeway Lane,1
Ridgeview ,1
Ridgemont ,1
Richardson ,1
Reynolds Court,1
Reynolds Way,1
Rice ,1
Rich ,1
Richard Terrace,1
Richard B. Ross Way,1
Richards ,1
Richfield ,1
Ridgecrest Drive,1
Rich-Hood ,1
Richmere ,1
Richmond  Entrance,1
Richview ,1
Richwood ,1
Ricker Terrace,1
Rickerhill ,1
Saville ,1
Savin Hill ,1
Sunapee Lane,1
St. Germain ,1
St. John ,1
St. Joseph ,1
St. Jude Terrace,1
St. Lukes ,1
St. Margaret ,1
St. Mark ,1
St. Marks ,1
St. Martin ,1
St. Mary's ,1
St. Paul's ,1
St. Peter ,1
St. Richard ,1
St. Rose ,1
St. Stephen ,1
St. Theresa ,1
St. Thomas More ,1
St. William ,1
St. Gregory ,1
St. George ,1
Savin Hill Court,1
St. Edward ,1
South Whitney ,1
Spalding ,1
Spaulding ,1
Speare ,1
Spencer ,1
Spofford ,1
Spurr ,1
St. Albans ,1
St. Alphonsus ,1
St. Andrew ,1
St. Botolph ,1
St. Brendan ,1
St. Casimir ,1
St. Cecilia ,1
St. Charles ,1
St. Clare ,1
St. Cyprian's ,1
Stafford ,1
Stanbro ,1
Standard ,1
Standish ,1
Stony Brook Reservation,1
Stoughton ,1
Stoughton  ,1
Stratford ,1
Strathcona ,1
Strathmore ,1
Stratton ,1
Strong ,1
Stuart ,1
Sturbridge ,1
Sturges ,1
Sturtevant ,1
Sudan ,1
Sullivan Way,1
Summit Circle,1
Sumner Terrace,1
Sumner Tunnel,1
Stonley ,1
Stoneholm ,1
Stonehill ,1
State ,1
Stanhope Court,1
Stanhope ,1
Stanley ,1
Stanton ,1
Stanwood ,1
Stanwood Terrace,1
Stark ,1
Stearns ,1
Stonecrest ,1
Stedman ,1
Steel ,1
Sterling ,1
Stock ,1
Stockton ,1
Stockwell ,1
Stone Terrace,1
South Waverly ,1
South Walter ,1
Southview ,1
Shepard Court,1
Sefton ,1
Segel ,1
Selden ,1
Selwyn ,1
Semont ,1
Senator Bolling Circle,1
Seventh ,1
Sewall ,1
Sexton Court,1
Shabazz Way,1
Shafter ,1
Shandon ,1
Sharp ,1
Shattuck ,1
Shaw ,1
Shawsheen ,1
Sheffield ,1
Sedgwick ,1
Second New Way,1
Second ,1
Schuyler ,1
Savin Hill Lane,1
Savin Hill Terrace,1
Savoy ,1
Sawyer ,1
Sawyer Terrace,1
Saxton ,1
Schubert ,1
Science Drive,1
Seaverns ,1
Scollay ,1
Scottfield ,1
Seaborn ,1
Seafood Way,1
Seager Court,1
Seaport ,1
Searle ,1
Sheldon ,1
Shepard Way,1
South Sydney ,1
Shepherd ,1
South Bay ,1
South Boston Haul ,1
South Bremen ,1
South Campus Drive,1
South Cedar ,1
South Charlame Court,1
South Charlame Terrace,1
South Conway ,1
South Crescent Circuit,1
South Fairview ,1
South Hobart ,1
South Huntington ,1
Southmere ,1
South Munroe Terrace,1
South Point Drive,1
South Quincy ,1
South Russell ,1
Southampton ,1
South  Footway,1
Snowden Way,1
Simbroco ,1
Sherman Court,1
Sherwood Court,1
Sherwood ,1
Short  ,1
Shurland ,1
Sidley ,1
Silber Way,1
Sinclair ,1
Smith Field ,1
Sixteenth ,1
Sixth ,1
Slayton Way,1
Sleeper ,1
Smith Court,1
Smith ,1
Smith Way,1
Liszt ,1
Knox ,1
Linden Court,1
Clearwater Drive,1
Cleaves ,1
Clement ,1
Clermont ,1
Cleveland Circle,1
Cleveland Park,1
Clevemont ,1
Cliffmont ,1
Clifton ,1
Cliftondale ,1
Clipper Ship Lane,1
Clive ,1
Coffey ,1
Colberg ,1
Colbert ,1
Colborne ,1
Colburn ,1
Colby ,1
Cleary ,1
Claymoss ,1
Choice Way,1
Claybourne ,1
Christopher ,1
Church Court,1
Church Green,1
Churchill ,1
Ciao Footway E.B.,1
City ,1
City Hall ,1
City Point Court,1
City View ,1
Clancy ,1
Claremont ,1
Clarence ,1
Clark ,1
Clarkson ,1
Claron ,1
Claxton ,1
Clay ,1
Colchester ,1
Coleman ,1
Coleridge ,1
Coleus Park,1
Cook  Court,1
Cooper ,1
Corbet ,1
Corcilius Way,1
Corcoran Drive,1
Cordis ,1
Cordis  ,1
Corey Terrace,1
Corman ,1
Cornauba ,1
Cornell ,1
Coronado ,1
Cortes ,1
Corwin ,1
Costello Circle,1
Costello  Dor.,1
Cotton ,1
Cook ,1
Conway ,1
Converse ,1
Commercial ,1
Colgate ,1
Collins ,1
Colliston ,1
Colonel Michael J. McDonough Way,1
Colonial ,1
Colorado ,1
Colwell ,1
Commercial Wharf East,1
Conrad ,1
Commercial Wharf West,1
Commodore Terrace,1
Commodore Winslow ,1
Condor ,1
Congress ,1
Coniston ,1
Conley ,1
Chopin Plaza,1
Chittick ,1
Lindall Court,1
Carlson ,1
Carpenter ,1
Carroll ,1
Carrolton ,1
Carson ,1
Carter ,1
Carver ,1
Casey  W.R.,1
Caspar ,1
Caspian Way,1
Cass ,1
Castle Rock ,1
Castleton ,1
Caton ,1
Cawfield ,1
Cedarcrest Lane,1
Cedarcrest ,1
Cedarcrest Terrace,1
Carney Court,1
Carlson Circle,1
Chiswick ,1
Carlos ,1
Buttonwood ,1
Bynner ,1
Byrd ,1
Cabot ,1
Calder ,1
Caldwell ,1
Caledonian ,1
Callahan Tunnel,1
Camden ,1
Cameron ,1
Camp ,1
Canaan ,1
Canal ,1
Capital ,1
Carleton ,1
Carlford ,1
Carlisle ,1
Cedarwood ,1
Cedric ,1
Cedrus ,1
Central Wharf,1
Chase ,1
Chatham Row,1
Chatham ,1
Chaucer ,1
Chauncy ,1
Chellman ,1
Cheriton ,1
Chesterfield ,1
Chesterton ,1
Chestnut Hill ,1
Chestnut Hill Driveway,1
Cheverus ,1
Chilcott ,1
Chilton ,1
Chisholm Lane,1
Chisholm ,1
Chisholm Terrace,1
Charter ,1
Charlesview ,1
Charles River Dam,1
Chappie ,1
Cerdan ,1
Ceylon ,1
Chamberlain ,1
Champlain Circle,1
Chandler ,1
Chapin ,1
Chapman ,1
Charlemont ,1
Charlesgate,1
Charles Circle,1
Note,1
Charles  Footway,1
Charles  ,1
Charles  South,1
Charlesbank ,1
Charles Ernest Andrews Footbridge,1
Cottrell ,1
Courtland ,1
Coventry ,1
Denvir ,1
Desmond ,1
Devens ,1
Dever ,1
Devon ,1
Dewar ,1
Dewey Terrace,1
Dewitt Drive,1
Dexter Row,1
Dickens ,1
Dickinson ,1
Dietz Court,1
Dietz ,1
Dighton ,1
District ,1
Ditmus Court,1
Dix ,1
Dixfield ,1
Derry ,1
Denton Terrace,1
Covington ,1
Dent ,1
Deforest ,1
Degautier Way,1
Delano Court,1
Delano ,1
Delaware ,1
Delford ,1
Delhi ,1
Dell ,1
Dell Terrace,1
Dellmore ,1
Delmont ,1
Delore Circle,1
Delos ,1
Denby ,1
Dennis ,1
Dennison ,1
Denny ,1
Dixwell ,1
Dock ,1
Dodge ,1
Don ,1
Driscoll Drive,1
Drohan ,1
Druid ,1
Drummond ,1
Drury ,1
Dubois ,1
Dudley Terrace,1
Duke ,1
Duke  Footway,1
Dumas ,1
Dunbar ,1
Dunbarton ,1
Dunboy ,1
Duncan Terrace,1
Duncklee ,1
Dungarven ,1
Dunkeld ,1
Driftwood ,1
Dresser ,1
Dresden ,1
Douglass ,1
Donald ,1
Donegal ,1
Donovan ,1
Dorr ,1
Dorrance ,1
Douglas ,1
Douglass Court,1
Dow ,1
Drayton ,1
Downer Court,1
Downey Court,1
Dr. Mary Moore Beatty Circle,1
Dr. Michael Gavin Way,1
Dracut ,1
Drake ,1
Draper's Lane,1
Deering ,1
Deerfield ,1
Deer ,1
Cutler Court,1
Crossland ,1
Crowell ,1
Crowley-Rogers Way,1
Crown Path,1
Crown ,1
Crown Point Drive,1
Croydon ,1
Culbert ,1
Cumberland ,1
Cunard ,1
Cunard Way,1
Curlew ,1
Curley ,1
Currier ,1
Curtis ,1
Custer ,1
Custom House ,1
Crosby ,1
Cromwell ,1
Croftland ,1
Cranmore ,1
Cowan ,1
Crab ,1
Craft ,1
Craftsman ,1
Craftson Way,1
Crandall ,1
Crane ,1
Cranston ,1
Crockett ,1
Crawford ,1
Creek ,1
Creighton ,1
Crest ,1
Creston ,1
Crestview ,1
Crispus Attucks ,1
Cuthbert ,1
Cutter ,1
Deer Island,1
Cypher ,1
David G. Mugar Way,1
David Ortiz Drive,1
Davidson ,1
Davis Court,1
Davis ,1
Davison ,1
Davitt ,1
Dawes ,1
Dawes Terrace,1
Dawson ,1
Dayton ,1
Deacon ,1
Dean ,1
Dean Way,1
Deckard ,1
Dedham Parkway,1
Dedham ,1
David ,1
Davern ,1
Davenport ,1
Damrell ,1
Dade ,1
Dakota ,1
Dakota Terrace,1
Dalin ,1
Dalkeith ,1
Dalton ,1
Damon ,1
Danby ,1
Darlington ,1
Dane ,1
Danforth ,1
Daniel Court,1
Daniel Webster ,1
Danny ,1
Danube ,1
Danville ,1
Buttonwood Court,1
Butler  Walkway,1
Butler Row,1
Ashford Court,1
Ashford Terrace,1
Ashmont Court,1
Ashmont ,1
Ashton ,1
Aspinwall ,1
Athens ,1
Athol ,1
Atkins ,1
Atkinson ,1
Atwill ,1
Atwood ,1
Au Bon Pain Way,1
Auckland ,1
Augustus ,1
 Louis Pasteur,1
Averton ,1
Avondale ,1
Ashford ,1
Ashfield ,1
Beauford Lane,1
Ashburton ,1
Ardent ,1
Ardmore ,1
Argus ,1
Argyle ,1
Argyle Terrace,1
Arion ,1
Arlington Court,1
Armington ,1
Armory ,1
Armstrong ,1
Arnold ,1
Arrow ,1
Arthur ,1
Arundel ,1
Arvale ,1
Ascot ,1
Ash ,1
Ayles ,1
Ayr ,1
Babcock ,1
Baird ,1
Barrows ,1
Bartlett Station Drive,1
Basile ,1
Basto Terrace,1
Batchelder ,1
Bateman ,1
Battery ,1
Battery Wharf,1
Batterymarch ,1
Baxter ,1
Bayard ,1
Bayswater ,1
Beach Point ,1
Beachview ,1
Beal ,1
Beale ,1
Beatty Circle,1
Barrington ,1
Barrett ,1
Barna ,1
Bancroft ,1
Baker Court,1
Baker's ,1
Balfour ,1
Ball ,1
Ballard ,1
Ballard Way,1
Balmoral Park,1
Banfield ,1
Barlow ,1
Banks ,1
Banton ,1
Bantry Way,1
Barclay ,1
Bard ,1
Bardwell ,1
Barker ,1
Arden ,1
Ardee ,1
Ardale ,1
Allstate ,1
Albert  Rox.,1
Alcorn ,1
Alcott ,1
Alden ,1
Alder ,1
Aldie ,1
Aldo Terrace,1
Aldrich ,1
Aldwin ,1
Aldworth ,1
Alexander ,1
Alford ,1
Alfred ,1
Alger ,1
Allandale ,1
Alleghany ,1
Allen's ,1
Albert ,1
Albemarle Court,1
Albano ,1
Adrian ,1
Ackley ,1
Acton ,1
Adams Park,1
Adams Terrace,1
Adamson ,1
Adanac Terrace,1
Admiral George Dewey ,1
Agassiz ,1
Alban ,1
Agawam ,1
Agganis Way,1
Agri ,1
Ainsworth ,1
Ainsworth  Footway,1
Alaric ,1
Alaric Terrace,1
Allenwood ,1
Almont ,1
Archway ,1
Almy ,1
Andrew P. McArdle Bridge,1
Andrews Footbridge,1
Angus ,1
Ansel ,1
Anselm Terrace,1
Anson ,1
Anthony J. Grieco Terrace,1
"Anthony ""Rip"" Valenti Way",1
Antrim ,1
Antwerp ,1
Appian Way,1
Arborcrest Terrace,1
Arborfield ,1
Arborview ,1
Arborway Terrace,1
Arch ,1
Archdale ,1
Andrew  W.R.,1
Andrew ,1
Andover ,1
Alward ,1
Alpheus ,1
Altacrest ,1
Alvah Kittredge Park,1
Alvan Terrace,1
Alvarado ,1
Alveston ,1
Alveston Terrace,1
Alwin ,1
Anderer Lane,1
Al Zwiercan Way,1
Amboy ,1
Ambrose ,1
American Legion ,1
Ames ,1
Anchor ,1
Anchor Way,1
Beaufield ,1
Beaufort ,1
Buswell ,1
Branton ,1
Bray ,1
Brayton ,1
Breck ,1
Brent ,1
Brenton ,1
Brentwood ,1
Brewer ,1
Brewster ,1
Brier ,1
Briggs ,1
Brigham Circle,1
Brigham ,1
Brinton ,1
Broad ,1
Broadlawn Park,1
Broadway,1
Brock ,1
Braves Field Way,1
Brannon-Harris Way,1
Beaumont ,1
Branchfield ,1
Bradbury ,1
Bradeen ,1
Bradfield ,1
Bradford Circle,1
Bradlee Court,1
Bradlee Lane,1
Bradshaw ,1
Bradston ,1
Bradstreet ,1
Bradwood ,1
Braewood ,1
Bragdon ,1
Brahms ,1
Brainard ,1
Brainerd ,1
Braintree ,1
Branch ,1
Brockton ,1
Bromley ,1
Bronx ,1
Brookfield ,1
Bunker Hill Court,1
Bunker Hill ,1
Bunker Hill Industrial Park,1
Burard ,1
Burgess ,1
Burke's Court,1
Burley ,1
Burlington ,1
Burnett ,1
Burney ,1
Burnham ,1
Burr ,1
Burrell ,1
Burrill ,1
Burrwood ,1
Burt ,1
Burwell ,1
Bunker ,1
Bumstead Court,1
Bullard ,1
Bruce ,1
Brooksdale ,1
Brookside ,1
Brookstone ,1
Brown ,1
Brown Terrace,1
Brown Way,1
Browning ,1
Brucewood ,1
Bulfinch ,1
Brush Hill Terrace,1
Bryant ,1
Bryon ,1
Buchanan ,1
Buckley ,1
Bucknam ,1
Buick ,1
Boynton ,1
Boyle Way,1
Boyle ,1
Blackinton ,1
Berwick ,1
Bigelow Circle,1
Bigelow ,1
Billings Lane,1
Billings ,1
Bilodeau ,1
Biltmore ,1
Binford ,1
Birchland ,1
Birchland Terrace,1
Birchwood ,1
Biscoe ,1
Bishop ,1
Bishop Joe L. Smith Way,1
Bispham ,1
Blaban ,1
Black Falcon ,1
Bertram ,1
Berry ,1
Bernardo O'Higgins Circle,1
Belfort ,1
Beck ,1
Becket ,1
Beckwith ,1
Bedford ,1
Beecher ,1
Beechmont ,1
Beethoven ,1
Belton ,1
Bernard ,1
Belvidere ,1
Bennett ,1
Bennington ,1
Benson ,1
Bentham ,1
Bentley ,1
Benton ,1
Blackfan ,1
Blagden ,1
Boyden ,1
Blaine ,1
Border ,1
Boston ,1
Boston Fish Pier,1
Boston University Bridge,1
Boston Wharf ,1
Bostonia ,1
Boswell Lane,1
Bosworth ,1
Bothwell ,1
 Terrace,1
Bourne ,1
Boutwell ,1
Bow ,1
Bowen ,1
Bower ,1
Bowman ,1
Boyd ,1
Bond ,1
Bond Drive,1
Bogandale ,1
Blue Hills Parkway,1
Blake ,1
Blakemore ,1
Blakeville ,1
Blanchard ,1
Blenford ,1
Bloomington ,1
Blue Hill ,1
Blue Jay Circle,1
Bodwell ,1
Blue Ledge Drive,1
Blue Ledge Terrace,1
Blue Star Memorial ,1
Blueview ,1
Board ,1
Boardman ,1
Bobolink ,1
Dunlap ,1
Dunmore ,1
Dunn ,1
Hewins ,1
Hiawatha ,1
Hichborn ,1
Hickory ,1
Higgins ,1
Highcrest ,1
Highcrest Terrace,1
Highland Terrace,1
High Rock Way,1
High View ,1
Hill ,1
Hillcrest ,1
Hillis ,1
Hillock ,1
Hillsdale ,1
Hill Top ,1
Hillview ,1
Hilton ,1
Hewlett ,1
Hesston Terrace,1
Hummingbird Lane,1
Herrick ,1
Hayward ,1
Hazelwood ,1
Hazleton ,1
Head ,1
Heathcote ,1
Hebron ,1
Henchman ,1
Hendry ,1
Henry ,1
Henry Sterling ,1
Herald ,1
Herbert ,1
Herbert P. Shaughnessy ,1
Herbertson ,1
Hereford ,1
Herman ,1
Heron ,1
Hilton Terrace,1
Hinckley ,1
Hobart ,1
Hoffman ,1
Horton ,1
Hosmer ,1
Houghton ,1
Houston ,1
Howe ,1
Howe Terrace,1
Howell ,1
Howes ,1
Howitt ,1
Howland ,1
Hoyt ,1
Hubbard ,1
Hubbardston ,1
Hudson ,1
Hulbert ,1
Hull ,1
Hull  Court,1
Horan Way,1
Horace ,1
Hopewell ,1
Holmfield ,1
Holden Court,1
Holden Row,1
Holden ,1
Hollingsworth ,1
Hollis ,1
Hollywood ,1
Holman ,1
Holston ,1
Hooper ,1
Holton ,1
Holyoke ,1
Homer ,1
Homes ,1
Homestead ,1
Homewood ,1
Hooker ,1
Haynes ,1
Hayes ,1
Haydn ,1
Hardy ,1
Hallowell ,1
Halsey ,1
Hamblen ,1
Hamlet ,1
Hamlin ,1
Hammond ,1
Hampden ,1
Hampstead ,1
Hancock  Stairs.,1
Hanlon  Rox.,1
Hannon ,1
Hansford ,1
Hanson ,1
Harborview Lane,1
Harcourt ,1
Harding ,1
Hardwick ,1
Halliday ,1
Hallet-Davis ,1
Hallet ,1
Gurney ,1
Grove Terrace,1
Groveland ,1
Grovenor ,1
Grover ,1
Guernsey ,1
Guild ,1
Guilford ,1
Gustin ,1
Hallam ,1
Hackensack Court,1
Hackensack Terrace,1
Hadwin Way,1
Halborn ,1
Hale ,1
Halford ,1
Halifax ,1
Hardwick Terrace,1
Harleston ,1
Hayden ,1
Harley ,1
Harvest Terrace,1
Harvester ,1
Harvey Steel ,1
Harwood ,1
Haskel ,1
Haslet ,1
Hastings ,1
Hatch ,1
Hathon ,1
Hatton Footway,1
Haul ,1
Hautevale ,1
Havelock ,1
Haverford ,1
Haverhill ,1
Hawkins ,1
Hawthorne Terrace,1
Harvest ,1
Harvard Way,1
Harvard Terrace,1
Harry Agganis Way,1
Harmon ,1
Harold ,1
Harrington ,1
Harris Way,1
Harrishof ,1
Harrison Archways,1
Harrison  Extension,1
Hart ,1
Harvard Bridge,1
Hartford Court,1
Hartford ,1
Hartford Terrace,1
Hartland ,1
Hartlawn ,1
Hartley Terrace,1
Hartwell ,1
Humboldt Court,1
Huntoon ,1
Grimes ,1
Lake Shore Terrace,1
Lamson Court,1
Lamson ,1
Lanark ,1
Lancaster ,1
Landing ,1
Landor ,1
Landseer ,1
Landseer Terrace,1
Lanesville Terrace,1
Lansdowne ,1
Larchmont ,1
Laredo ,1
Larkhill ,1
Lasell ,1
Lathrop ,1
Latin ,1
Lauriat ,1
Lamartine Terrace,1
Lake Shore ,1
Hurd's Lane,1
Lake Shore Court,1
Kimball ,1
Kingsland ,1
Kingsley ,1
Kingston ,1
Kinross ,1
Kirk ,1
Kirkwood ,1
Kneeland ,1
Knight ,1
Knowles ,1
Knowlton ,1
Academy ,1
Kosciuszko Circle,1
Kovey Court,1
Laban Pratt ,1
Lafield ,1
Lake ,1
Laval ,1
Lawley ,1
Lawnwood ,1
Lawrence  ,1
Lennoco ,1
Lennon Court,1
Lenox ,1
Lenoxdale ,1
Leo M. Birmingham Parkway,1
Leonard Court,1
Leroy ,1
Leston ,1
Levant ,1
Leverett Circle,1
Lewis Wharf,1
Lewiston ,1
Leyden ,1
Leyland ,1
Lieutenant Pamela Donovan ,1
Life ,1
Lincoln Triangle,1
Leman ,1
Leighton ,1
Leicester ,1
Ledgedale ,1
Lawrence  Court,1
Lawson ,1
Lawton ,1
Lawton Terrace,1
Leamington ,1
Lebanon ,1
Ledge Way,1
Ledge Hill ,1
Legion ,1
Ledgemere ,1
Ledgewood ,1
Lee ,1
Lee Hill ,1
Leeds ,1
Leedsville ,1
Legends Way,1
Kilmer ,1
Kiernan ,1
Keystone ,1
Johnston ,1
Jay ,1
Jeffries ,1
Jenkins ,1
Jerome ,1
Jeshurun ,1
Jess ,1
Jewett ,1
Jimmy Fund Way,1
John A. Andrew ,1
John Alden ,1
John Eliot ,1
John F. Fitzgerald Expressway,1
John F. Gilmore Bridge,1
John F. Lindsay ,1
John T. Marr Bridge,1
Johnny Court,1
Johnray ,1
Jason Terrace,1
Jarvis ,1
Jamestown Terrace,1
Irving W. Adams Park,1
Huron Circle,1
Huron Path,1
Hutchinson ,1
Inman ,1
Inwood ,1
Iron ,1
Irving ,1
Islington ,1
James O'Neill,1
Ivanhoe ,1
Ivory ,1
Jacob ,1
Jacobbe ,1
Jaeger Terrace,1
James ,1
James J. Storrow Memorial Drive,1
Johnson Terrace,1
Johnswood ,1
Keyes  ,1
Joiner ,1
Keith ,1
Kelton ,1
Kemp ,1
Kempton ,1
Kenberma ,1
Kenilworth ,1
Kenmare ,1
Kennebec ,1
Kenneth ,1
Kenney ,1
Kenrick ,1
Kenton ,1
Kenwood ,1
Kerr ,1
Kerwin ,1
Keswick ,1
Kevin ,1
Keenan ,1
Keegan St.,1
Kearsarge ,1
Joseph Warren ,1
Jones ,1
Jones  Footway,1
Jordan ,1
Joseph Court,1
Joseph ,1
Joseph Agri ,1
Joseph F. Sullivan ,1
Judge ,1
Keany ,1
Judson ,1
Julian ,1
Justin ,1
Justinian Way,1
Kane ,1
Kavanaugh Way,1
Keane ,1
Grotto Glen ,1
Griffin Court,1
Dunreath ,1
Ericsson ,1
Ernst ,1
Errol ,1
Eskridge ,1
Esmond ,1
Estes ,1
Eugene Circle,1
Euston Path,1
Euston ,1
Eutaw ,1
Evans Way,1
Everdean ,1
Everett Court,1
Everton ,1
Ewer ,1
Exeter ,1
Fabyan ,1
Fairbanks ,1
Ernest ,1
Eric ,1
Fifield ,1
Ennis ,1
Elmont ,1
Elmore ,1
Elmwood ,1
Elton ,1
Elven ,1
Elwell ,1
Elwyn ,1
Ely ,1
Embankment ,1
Emery ,1
Emmons ,1
Empire ,1
Endicott Court,1
Endicott ,1
Endicott Terrace,1
Enfield ,1
Englewood ,1
Fairfax ,1
Fairland ,1
Fairlane ,1
Fairlawn ,1
Fenelon ,1
Feneno Terrace,1
Fenner ,1
Fenno ,1
Fenton ,1
Fenway,1
Fenwick ,1
Fenwood ,1
Fermoy Heights ,1
Fernald Terrace,1
Ferndale ,1
Fernwood ,1
Fessenden ,1
Fid Kennedy ,1
Fieldâ€™s Corner,1
Field's Court,1
Fieldmont ,1
Fendale ,1
Federal ,1
Federal Court,1
Farnham ,1
Fairmount Court,1
Falcon Lane,1
Falcon ,1
Fall ,1
Faraday ,1
Fargo ,1
Farmington ,1
Farnsworth ,1
Faywood ,1
Farquhar ,1
Farrington ,1
Farwell ,1
Father Anthony Songin Way,1
Father Francis J. Gilday ,1
Favre ,1
Faxon ,1
Elm Lawn,1
Elm Hill Park,1
Elm Hill Entrance,1
East Sixth ,1
East Cottage ,1
East Dedham ,1
East Eagle ,1
East Eighth ,1
East Fifth ,1
East First ,1
East Fourth ,1
East India Row,1
East Lenox ,1
East Main ,1
Eastman ,1
Eastmont ,1
East Newton ,1
East Ninth ,1
East Pier Drive,1
East Second ,1
East Service ,1
East Concord ,1
East Canton ,1
East Brookline ,1
Dwight ,1
Dunwell ,1
Durant ,1
Durham ,1
Durland ,1
Durnell ,1
Dustin ,1
Duval ,1
Dyer Court,1
East Brookline Gardenz,1
Earhardt ,1
Earl ,1
East  ,1
East Berkeley ,1
East Boston Expressway,1
East Boundary ,1
Eastbourne ,1
East Seventh ,1
East Stoughton ,1
Elm Hill ,1
East Third ,1
Elbow ,1
Elder ,1
Eldridge ,1
Elgin ,1
Eliot  Rox.,1
Eliot Terrace,1
Elkins ,1
Elko ,1
Ellard ,1
Ellery Court,1
Ellery ,1
Ellington ,1
Ellswood ,1
Ellsworth ,1
Ellwood ,1
Elmdale ,1
Elmer ,1
Elbert ,1
Egremont ,1
Egan Way,1
Edgemere ,1
Eastwood Circuit,1
Eastwood Court,1
Eastwood ,1
Eaton ,1
Eatonia ,1
Edgar ,1
Edge Hill ,1
Edgemont ,1
Edwin ,1
Edgewater Drive,1
Edgewood Park,1
Edgewood ,1
Edison Green,1
Edson Terrace,1
Edward Everett ,1
Edwardson ,1
Field Sparrow Way,1
First ,1
Gridley ,1
Glendower ,1
Glenhaven ,1
Glenhill ,1
Glenmont ,1
Glenmore ,1
Glenside ,1
Glenville ,1
Glenville Terrace,1
Glenway ,1
Glenwood ,1
Glenwood  Footway,1
Glover Court,1
Glover ,1
Goddard ,1
Goethe ,1
Goff ,1
Goodrich ,1
Goodridge ,1
Glenham ,1
Glendon ,1
Firth ,1
Glendale ,1
Gerald ,1
Gerard ,1
Gibson ,1
Gifford ,1
Gilman ,1
Gilmer ,1
Gilmore Bridge,1
Gilmore Terrace,1
Glade ,1
Gladstone ,1
Gleason ,1
Glen Lane,1
Glenarm ,1
Glenburne ,1
Glenburnie ,1
Glencliff ,1
Glencoe ,1
Goodridge Court,1
Goodwin Court,1
Goodwin ,1
Gore ,1
Greenfield ,1
Greenfield  Footway,1
Greenhalge ,1
Greenheys ,1
Green Hill ,1
Greenock ,1
Greenough ,1
Greenough Park,1
Greenview ,1
Greenville ,1
Greenwich Park,1
Greenwood Circle,1
Grew ,1
Grew Hill ,1
Greycliff ,1
Greylock ,1
Greymere ,1
Greendale ,1
Greenbrook ,1
Greenbrier ,1
Graham Terrace,1
Gorham ,1
Gouldville Terrace,1
Governor Dudley ,1
Governor Eustis ,1
Governor Shirley ,1
Grafton ,1
Graham Court,1
Granfield ,1
Greaton ,1
Granger ,1
Granite ,1
Grantley ,1
Granville ,1
Gray ,1
Grayfield ,1
Grayson ,1
Geraghty Terrace,1
Georgetowne ,1
Georges Island,1
Franklin Hill ,1
Fort  Terrace,1
Fossdale ,1
Foster Court,1
Foster Terrace,1
Fourth ,1
Fourth  ,1
Fowler ,1
Fox ,1
Fox Point ,1
Francis ,1
Francis B. Johnson ,1
Francis G. Hanlon ,1
Francis J. Mitchell Bridge,1
Francis J. Murray Way,1
Francis Parkman Drive,1
Frankfort ,1
Franklin Court,1
Fort ,1
Forsyth Way,1
Forsyth ,1
Florian Way,1
Fish Lane,1
Fiske Terrace,1
Fitzgerald Expressway,1
Flagship ,1
Fletcher ,1
Flood ,1
Florian ,1
Floyd ,1
Forsyth Park,1
Foodmart ,1
Forbes ,1
Ford ,1
Fordham Court,1
Fordham ,1
Forest Hills Entrance Drive,1
Forestvale ,1
Franklin Garden,1
Franklin Terrace,1
George A. Wilson ,1
Frawley ,1
Garner ,1
Garrison ,1
Garth ,1
Gartland ,1
Gary ,1
Gates ,1
Galvin Way,1
Gayland ,1
Gaylord ,1
Gene ,1
General Casimir Pulaski Skyway,1
General Casimir Pulaski ,1
General Heath ,1
General Jozef Pilsudski Way,1
General Lawrence J. Logan Way,1
General William H. Devine Way,1
George R. Visconti ,1
Garfield ,1
Gardner Terrace,1
Garden  Arch,1
Fresno ,1
Frederick ,1
Frederick Douglass ,1
Freeland ,1
Freeport ,1
Fremont ,1
French ,1
French Terrace,1
Friend ,1
Garden ,1
Frost ,1
Fruean ,1
Fruit ,1
Furbush ,1
Gage ,1
Galty ,1
Garden Court ,1
Zwiercan Way,1
